State,report_year,agency_jurisdiction,violent_crimes
AZ,245385,"Mesa, AZPhoenix, AZTucson, AZMesa, AZPhoenix, AZTucson, AZMesa, AZPhoenix, AZTucson, AZMesa, AZPhoenix, AZTucson, AZMesa, AZPhoenix, AZTucson, AZMesa, AZPhoenix, AZTucson, AZMesa, AZPhoenix, AZTucson, AZMesa, AZPhoenix, AZTucson, AZMesa, AZPhoenix, AZTucson, AZMesa, AZPhoenix, AZTucson, AZMesa, AZPhoenix, AZTucson, AZMesa, AZPhoenix, AZTucson, AZMesa, AZPhoenix, AZTucson, AZMesa, AZPhoenix, AZTucson, AZMesa, AZPhoenix, AZTucson, AZMesa, AZPhoenix, AZTucson, AZMesa, AZPhoenix, AZTucson, AZMesa, AZPhoenix, AZTucson, AZMesa, AZPhoenix, AZTucson, AZMesa, AZPhoenix, AZTucson, AZMesa, AZPhoenix, AZTucson, AZMesa, AZPhoenix, AZTucson, AZMesa, AZPhoenix, AZTucson, AZMesa, AZPhoenix, AZTucson, AZMesa, AZPhoenix, AZTucson, AZMesa, AZPhoenix, AZTucson, AZMesa, AZPhoenix, AZTucson, AZMesa, AZPhoenix, AZTucson, AZMesa, AZPhoenix, AZTucson, AZMesa, AZPhoenix, AZTucson, AZMesa, AZPhoenix, AZTucson, AZMesa, AZPhoenix, AZTucson, AZMesa, AZPhoenix, AZTucson, AZMesa, AZPhoenix, AZTucson, AZMesa, AZPhoenix, AZTucson, AZMesa, AZPhoenix, AZTucson, AZMesa, AZPhoenix, AZTucson, AZMesa, AZPhoenix, AZTucson, AZMesa, AZPhoenix, AZTucson, AZMesa, AZPhoenix, AZTucson, AZMesa, AZPhoenix, AZTucson, AZ",582766.0
CA,736155,"Fresno, CALong Beach, CALos Angeles County, CALos Angeles, CAOakland, CASacramento, CASan Diego, CASan Francisco, CASan Jose, CAFresno, CALong Beach, CALos Angeles County, CALos Angeles, CAOakland, CASacramento, CASan Diego, CASan Francisco, CASan Jose, CAFresno, CALong Beach, CALos Angeles County, CALos Angeles, CAOakland, CASacramento, CASan Diego, CASan Francisco, CASan Jose, CAFresno, CALong Beach, CALos Angeles County, CALos Angeles, CAOakland, CASacramento, CASan Diego, CASan Francisco, CASan Jose, CAFresno, CALong Beach, CALos Angeles County, CALos Angeles, CAOakland, CASacramento, CASan Diego, CASan Francisco, CASan Jose, CAFresno, CALong Beach, CALos Angeles County, CALos Angeles, CAOakland, CASacramento, CASan Diego, CASan Francisco, CASan Jose, CAFresno, CALong Beach, CALos Angeles County, CALos Angeles, CAOakland, CASacramento, CASan Diego, CASan Francisco, CASan Jose, CAFresno, CALong Beach, CALos Angeles County, CALos Angeles, CAOakland, CASacramento, CASan Diego, CASan Francisco, CASan Jose, CAFresno, CALong Beach, CALos Angeles County, CALos Angeles, CAOakland, CASacramento, CASan Diego, CASan Francisco, CASan Jose, CAFresno, CALong Beach, CALos Angeles County, CALos Angeles, CAOakland, CASacramento, CASan Diego, CASan Francisco, CASan Jose, CAFresno, CALong Beach, CALos Angeles County, CALos Angeles, CAOakland, CASacramento, CASan Diego, CASan Francisco, CASan Jose, CAFresno, CALong Beach, CALos Angeles County, CALos Angeles, CAOakland, CASacramento, CASan Diego, CASan Francisco, CASan Jose, CAFresno, CALong Beach, CALos Angeles County, CALos Angeles, CAOakland, CASacramento, CASan Diego, CASan Francisco, CASan Jose, CAFresno, CALong Beach, CALos Angeles County, CALos Angeles, CAOakland, CASacramento, CASan Diego, CASan Francisco, CASan Jose, CAFresno, CALong Beach, CALos Angeles County, CALos Angeles, CAOakland, CASacramento, CASan Diego, CASan Francisco, CASan Jose, CAFresno, CALong Beach, CALos Angeles County, CALos Angeles, CAOakland, CASacramento, CASan Diego, CASan Francisco, CASan Jose, CAFresno, CALong Beach, CALos Angeles County, CALos Angeles, CAOakland, CASacramento, CASan Diego, CASan Francisco, CASan Jose, CAFresno, CALong Beach, CALos Angeles County, CALos Angeles, CAOakland, CASacramento, CASan Diego, CASan Francisco, CASan Jose, CAFresno, CALong Beach, CALos Angeles County, CALos Angeles, CAOakland, CASacramento, CASan Diego, CASan Francisco, CASan Jose, CAFresno, CALong Beach, CALos Angeles County, CALos Angeles, CAOakland, CASacramento, CASan Diego, CASan Francisco, CASan Jose, CAFresno, CALong Beach, CALos Angeles County, CALos Angeles, CAOakland, CASacramento, CASan Diego, CASan Francisco, CASan Jose, CAFresno, CALong Beach, CALos Angeles County, CALos Angeles, CAOakland, CASacramento, CASan Diego, CASan Francisco, CASan Jose, CAFresno, CALong Beach, CALos Angeles County, CALos Angeles, CAOakland, CASacramento, CASan Diego, CASan Francisco, CASan Jose, CAFresno, CALong Beach, CALos Angeles County, CALos Angeles, CAOakland, CASacramento, CASan Diego, CASan Francisco, CASan Jose, CAFresno, CALong Beach, CALos Angeles County, CALos Angeles, CAOakland, CASacramento, CASan Diego, CASan Francisco, CASan Jose, CAFresno, CALong Beach, CALos Angeles County, CALos Angeles, CAOakland, CASacramento, CASan Diego, CASan Francisco, CASan Jose, CAFresno, CALong Beach, CALos Angeles County, CALos Angeles, CAOakland, CASacramento, CASan Diego, CASan Francisco, CASan Jose, CAFresno, CALong Beach, CALos Angeles County, CALos Angeles, CAOakland, CASacramento, CASan Diego, CASan Francisco, CASan Jose, CAFresno, CALong Beach, CALos Angeles County, CALos Angeles, CAOakland, CASacramento, CASan Diego, CASan Francisco, CASan Jose, CAFresno, CALong Beach, CALos Angeles County, CALos Angeles, CAOakland, CASacramento, CASan Diego, CASan Francisco, CASan Jose, CAFresno, CALong Beach, CALos Angeles County, CALos Angeles, CAOakland, CASacramento, CASan Diego, CASan Francisco, CASan Jose, CAFresno, CALong Beach, CALos Angeles County, CALos Angeles, CAOakland, CASacramento, CASan Diego, CASan Francisco, CASan Jose, CAFresno, CALong Beach, CALos Angeles County, CALos Angeles, CAOakland, CASacramento, CASan Diego, CASan Francisco, CASan Jose, CAFresno, CALong Beach, CALos Angeles County, CALos Angeles, CAOakland, CASacramento, CASan Diego, CASan Francisco, CASan Jose, CAFresno, CALong Beach, CALos Angeles County, CALos Angeles, CAOakland, CASacramento, CASan Diego, CASan Francisco, CASan Jose, CAFresno, CALong Beach, CALos Angeles County, CALos Angeles, CAOakland, CASacramento, CASan Diego, CASan Francisco, CASan Jose, CAFresno, CALong Beach, CALos Angeles County, CALos Angeles, CAOakland, CASacramento, CASan Diego, CASan Francisco, CASan Jose, CAFresno, CALong Beach, CALos Angeles County, CALos Angeles, CAOakland, CASacramento, CASan Diego, CASan Francisco, CASan Jose, CAFresno, CALong Beach, CALos Angeles County, CALos Angeles, CAOakland, CASacramento, CASan Diego, CASan Francisco, CASan Jose, CAFresno, CALong Beach, CALos Angeles County, CALos Angeles, CAOakland, CASacramento, CASan Diego, CASan Francisco, CASan Jose, CAFresno, CALong Beach, CALos Angeles County, CALos Angeles, CAOakland, CASacramento, CASan Diego, CASan Francisco, CASan Jose, CA",3990220.0
CO,163590,"Aurora, CODenver, COAurora, CODenver, COAurora, CODenver, COAurora, CODenver, COAurora, CODenver, COAurora, CODenver, COAurora, CODenver, COAurora, CODenver, COAurora, CODenver, COAurora, CODenver, COAurora, CODenver, COAurora, CODenver, COAurora, CODenver, COAurora, CODenver, COAurora, CODenver, COAurora, CODenver, COAurora, CODenver, COAurora, CODenver, COAurora, CODenver, COAurora, CODenver, COAurora, CODenver, COAurora, CODenver, COAurora, CODenver, COAurora, CODenver, COAurora, CODenver, COAurora, CODenver, COAurora, CODenver, COAurora, CODenver, COAurora, CODenver, COAurora, CODenver, COAurora, CODenver, COAurora, CODenver, COAurora, CODenver, COAurora, CODenver, COAurora, CODenver, COAurora, CODenver, COAurora, CODenver, COAurora, CODenver, COAurora, CODenver, COAurora, CODenver, COAurora, CODenver, CO",247616.0
DC,81795,"Washington, DCWashington, DCWashington, DCWashington, DCWashington, DCWashington, DCWashington, DCWashington, DCWashington, DCWashington, DCWashington, DCWashington, DCWashington, DCWashington, DCWashington, DCWashington, DCWashington, DCWashington, DCWashington, DCWashington, DCWashington, DCWashington, DCWashington, DCWashington, DCWashington, DCWashington, DCWashington, DCWashington, DCWashington, DCWashington, DCWashington, DCWashington, DCWashington, DCWashington, DCWashington, DCWashington, DCWashington, DCWashington, DCWashington, DCWashington, DCWashington, DC",433937.0
FL,408975,"Jacksonville, FLMiami, FLMiami-Dade County, FLOrlando, FLTampa, FLJacksonville, FLMiami, FLMiami-Dade County, FLOrlando, FLTampa, FLJacksonville, FLMiami, FLMiami-Dade County, FLOrlando, FLTampa, FLJacksonville, FLMiami, FLMiami-Dade County, FLOrlando, FLTampa, FLJacksonville, FLMiami, FLMiami-Dade County, FLOrlando, FLTampa, FLJacksonville, FLMiami, FLMiami-Dade County, FLOrlando, FLTampa, FLJacksonville, FLMiami, FLMiami-Dade County, FLOrlando, FLTampa, FLJacksonville, FLMiami, FLMiami-Dade County, FLOrlando, FLTampa, FLJacksonville, FLMiami, FLMiami-Dade County, FLOrlando, FLTampa, FLJacksonville, FLMiami, FLMiami-Dade County, FLOrlando, FLTampa, FLJacksonville, FLMiami, FLMiami-Dade County, FLOrlando, FLTampa, FLJacksonville, FLMiami, FLMiami-Dade County, FLOrlando, FLTampa, FLJacksonville, FLMiami, FLMiami-Dade County, FLOrlando, FLTampa, FLJacksonville, FLMiami, FLMiami-Dade County, FLOrlando, FLTampa, FLJacksonville, FLMiami, FLMiami-Dade County, FLOrlando, FLTampa, FLJacksonville, FLMiami, FLMiami-Dade County, FLOrlando, FLTampa, FLJacksonville, FLMiami, FLMiami-Dade County, FLOrlando, FLTampa, FLJacksonville, FLMiami, FLMiami-Dade County, FLOrlando, FLTampa, FLJacksonville, FLMiami, FLMiami-Dade County, FLOrlando, FLTampa, FLJacksonville, FLMiami, FLMiami-Dade County, FLOrlando, FLTampa, FLJacksonville, FLMiami, FLMiami-Dade County, FLOrlando, FLTampa, FLJacksonville, FLMiami, FLMiami-Dade County, FLOrlando, FLTampa, FLJacksonville, FLMiami, FLMiami-Dade County, FLOrlando, FLTampa, FLJacksonville, FLMiami, FLMiami-Dade County, FLOrlando, FLTampa, FLJacksonville, FLMiami, FLMiami-Dade County, FLOrlando, FLTampa, FLJacksonville, FLMiami, FLMiami-Dade County, FLOrlando, FLTampa, FLJacksonville, FLMiami, FLMiami-Dade County, FLOrlando, FLTampa, FLJacksonville, FLMiami, FLMiami-Dade County, FLOrlando, FLTampa, FLJacksonville, FLMiami, FLMiami-Dade County, FLOrlando, FLTampa, FLJacksonville, FLMiami, FLMiami-Dade County, FLOrlando, FLTampa, FLJacksonville, FLMiami, FLMiami-Dade County, FLOrlando, FLTampa, FLJacksonville, FLMiami, FLMiami-Dade County, FLOrlando, FLTampa, FLJacksonville, FLMiami, FLMiami-Dade County, FLOrlando, FLTampa, FLJacksonville, FLMiami, FLMiami-Dade County, FLOrlando, FLTampa, FLJacksonville, FLMiami, FLMiami-Dade County, FLOrlando, FLTampa, FLJacksonville, FLMiami, FLMiami-Dade County, FLOrlando, FLTampa, FLJacksonville, FLMiami, FLMiami-Dade County, FLOrlando, FLTampa, FLJacksonville, FLMiami, FLMiami-Dade County, FLOrlando, FLTampa, FLJacksonville, FLMiami, FLMiami-Dade County, FLOrlando, FLTampa, FLJacksonville, FLMiami, FLMiami-Dade County, FLOrlando, FLTampa, FLJacksonville, FLMiami, FLMiami-Dade County, FLOrlando, FLTampa, FL",1503422.0
GA,81795,"Atlanta, GAAtlanta, GAAtlanta, GAAtlanta, GAAtlanta, GAAtlanta, GAAtlanta, GAAtlanta, GAAtlanta, GAAtlanta, GAAtlanta, GAAtlanta, GAAtlanta, GAAtlanta, GAAtlanta, GAAtlanta, GAAtlanta, GAAtlanta, GAAtlanta, GAAtlanta, GAAtlanta, GAAtlanta, GAAtlanta, GAAtlanta, GAAtlanta, GAAtlanta, GAAtlanta, GAAtlanta, GAAtlanta, GAAtlanta, GAAtlanta, GAAtlanta, GAAtlanta, GAAtlanta, GAAtlanta, GAAtlanta, GAAtlanta, GAAtlanta, GAAtlanta, GAAtlanta, GAAtlanta, GA",429070.0
HI,81795,"Honolulu, HIHonolulu, HIHonolulu, HIHonolulu, HIHonolulu, HIHonolulu, HIHonolulu, HIHonolulu, HIHonolulu, HIHonolulu, HIHonolulu, HIHonolulu, HIHonolulu, HIHonolulu, HIHonolulu, HIHonolulu, HIHonolulu, HIHonolulu, HIHonolulu, HIHonolulu, HIHonolulu, HIHonolulu, HIHonolulu, HIHonolulu, HIHonolulu, HIHonolulu, HIHonolulu, HIHonolulu, HIHonolulu, HIHonolulu, HIHonolulu, HIHonolulu, HIHonolulu, HIHonolulu, HIHonolulu, HIHonolulu, HIHonolulu, HIHonolulu, HIHonolulu, HIHonolulu, HIHonolulu, HI",94772.0
IL,81795,"Chicago, ILChicago, ILChicago, ILChicago, ILChicago, ILChicago, ILChicago, ILChicago, ILChicago, ILChicago, ILChicago, ILChicago, ILChicago, ILChicago, ILChicago, ILChicago, ILChicago, ILChicago, ILChicago, ILChicago, ILChicago, ILChicago, ILChicago, ILChicago, ILChicago, ILChicago, ILChicago, ILChicago, ILChicago, ILChicago, ILChicago, ILChicago, ILChicago, ILChicago, ILChicago, ILChicago, ILChicago, ILChicago, ILChicago, ILChicago, ILChicago, IL",1960886.0
IN,81795,"Indianapolis, INIndianapolis, INIndianapolis, INIndianapolis, INIndianapolis, INIndianapolis, INIndianapolis, INIndianapolis, INIndianapolis, INIndianapolis, INIndianapolis, INIndianapolis, INIndianapolis, INIndianapolis, INIndianapolis, INIndianapolis, INIndianapolis, INIndianapolis, INIndianapolis, INIndianapolis, INIndianapolis, INIndianapolis, INIndianapolis, INIndianapolis, INIndianapolis, INIndianapolis, INIndianapolis, INIndianapolis, INIndianapolis, INIndianapolis, INIndianapolis, INIndianapolis, INIndianapolis, INIndianapolis, INIndianapolis, INIndianapolis, INIndianapolis, INIndianapolis, INIndianapolis, INIndianapolis, INIndianapolis, IN",279507.0
KS,81795,"Wichita, KSWichita, KSWichita, KSWichita, KSWichita, KSWichita, KSWichita, KSWichita, KSWichita, KSWichita, KSWichita, KSWichita, KSWichita, KSWichita, KSWichita, KSWichita, KSWichita, KSWichita, KSWichita, KSWichita, KSWichita, KSWichita, KSWichita, KSWichita, KSWichita, KSWichita, KSWichita, KSWichita, KSWichita, KSWichita, KSWichita, KSWichita, KSWichita, KSWichita, KSWichita, KSWichita, KSWichita, KSWichita, KSWichita, KSWichita, KSWichita, KS",93498.0
KY,81795,"Louisville, KYLouisville, KYLouisville, KYLouisville, KYLouisville, KYLouisville, KYLouisville, KYLouisville, KYLouisville, KYLouisville, KYLouisville, KYLouisville, KYLouisville, KYLouisville, KYLouisville, KYLouisville, KYLouisville, KYLouisville, KYLouisville, KYLouisville, KYLouisville, KYLouisville, KYLouisville, KYLouisville, KYLouisville, KYLouisville, KYLouisville, KYLouisville, KYLouisville, KYLouisville, KYLouisville, KYLouisville, KYLouisville, KYLouisville, KYLouisville, KYLouisville, KYLouisville, KYLouisville, KYLouisville, KYLouisville, KYLouisville, KY",50416.0
LA,81795,"New Orleans, LANew Orleans, LANew Orleans, LANew Orleans, LANew Orleans, LANew Orleans, LANew Orleans, LANew Orleans, LANew Orleans, LANew Orleans, LANew Orleans, LANew Orleans, LANew Orleans, LANew Orleans, LANew Orleans, LANew Orleans, LANew Orleans, LANew Orleans, LANew Orleans, LANew Orleans, LANew Orleans, LANew Orleans, LANew Orleans, LANew Orleans, LANew Orleans, LANew Orleans, LANew Orleans, LANew Orleans, LANew Orleans, LANew Orleans, LANew Orleans, LANew Orleans, LANew Orleans, LANew Orleans, LANew Orleans, LANew Orleans, LANew Orleans, LANew Orleans, LANew Orleans, LANew Orleans, LANew Orleans, LA",270470.0
MA,81795,"Boston, MABoston, MABoston, MABoston, MABoston, MABoston, MABoston, MABoston, MABoston, MABoston, MABoston, MABoston, MABoston, MABoston, MABoston, MABoston, MABoston, MABoston, MABoston, MABoston, MABoston, MABoston, MABoston, MABoston, MABoston, MABoston, MABoston, MABoston, MABoston, MABoston, MABoston, MABoston, MABoston, MABoston, MABoston, MABoston, MABoston, MABoston, MABoston, MABoston, MABoston, MA",374136.0
MD,327180,"Baltimore County, MDBaltimore, MDMontgomery County, MDPrince George's County, MDBaltimore County, MDBaltimore, MDMontgomery County, MDPrince George's County, MDBaltimore County, MDBaltimore, MDMontgomery County, MDPrince George's County, MDBaltimore County, MDBaltimore, MDMontgomery County, MDPrince George's County, MDBaltimore County, MDBaltimore, MDMontgomery County, MDPrince George's County, MDBaltimore County, MDBaltimore, MDMontgomery County, MDPrince George's County, MDBaltimore County, MDBaltimore, MDMontgomery County, MDPrince George's County, MDBaltimore County, MDBaltimore, MDMontgomery County, MDPrince George's County, MDBaltimore County, MDBaltimore, MDMontgomery County, MDPrince George's County, MDBaltimore County, MDBaltimore, MDMontgomery County, MDPrince George's County, MDBaltimore County, MDBaltimore, MDMontgomery County, MDPrince George's County, MDBaltimore County, MDBaltimore, MDMontgomery County, MDPrince George's County, MDBaltimore County, MDBaltimore, MDMontgomery County, MDPrince George's County, MDBaltimore County, MDBaltimore, MDMontgomery County, MDPrince George's County, MDBaltimore County, MDBaltimore, MDMontgomery County, MDPrince George's County, MDBaltimore County, MDBaltimore, MDMontgomery County, MDPrince George's County, MDBaltimore County, MDBaltimore, MDMontgomery County, MDPrince George's County, MDBaltimore County, MDBaltimore, MDMontgomery County, MDPrince George's County, MDBaltimore County, MDBaltimore, MDMontgomery County, MDPrince George's County, MDBaltimore County, MDBaltimore, MDMontgomery County, MDPrince George's County, MDBaltimore County, MDBaltimore, MDMontgomery County, MDPrince George's County, MDBaltimore County, MDBaltimore, MDMontgomery County, MDPrince George's County, MDBaltimore County, MDBaltimore, MDMontgomery County, MDPrince George's County, MDBaltimore County, MDBaltimore, MDMontgomery County, MDPrince George's County, MDBaltimore County, MDBaltimore, MDMontgomery County, MDPrince George's County, MDBaltimore County, MDBaltimore, MDMontgomery County, MDPrince George's County, MDBaltimore County, MDBaltimore, MDMontgomery County, MDPrince George's County, MDBaltimore County, MDBaltimore, MDMontgomery County, MDPrince George's County, MDBaltimore County, MDBaltimore, MDMontgomery County, MDPrince George's County, MDBaltimore County, MDBaltimore, MDMontgomery County, MDPrince George's County, MDBaltimore County, MDBaltimore, MDMontgomery County, MDPrince George's County, MDBaltimore County, MDBaltimore, MDMontgomery County, MDPrince George's County, MDBaltimore County, MDBaltimore, MDMontgomery County, MDPrince George's County, MDBaltimore County, MDBaltimore, MDMontgomery County, MDPrince George's County, MDBaltimore County, MDBaltimore, MDMontgomery County, MDPrince George's County, MDBaltimore County, MDBaltimore, MDMontgomery County, MDPrince George's County, MDBaltimore County, MDBaltimore, MDMontgomery County, MDPrince George's County, MDBaltimore County, MDBaltimore, MDMontgomery County, MDPrince George's County, MDBaltimore County, MDBaltimore, MDMontgomery County, MDPrince George's County, MDBaltimore County, MDBaltimore, MDMontgomery County, MDPrince George's County, MDBaltimore County, MDBaltimore, MDMontgomery County, MDPrince George's County, MD",1136606.0
MI,81795,"Detroit, MIDetroit, MIDetroit, MIDetroit, MIDetroit, MIDetroit, MIDetroit, MIDetroit, MIDetroit, MIDetroit, MIDetroit, MIDetroit, MIDetroit, MIDetroit, MIDetroit, MIDetroit, MIDetroit, MIDetroit, MIDetroit, MIDetroit, MIDetroit, MIDetroit, MIDetroit, MIDetroit, MIDetroit, MIDetroit, MIDetroit, MIDetroit, MIDetroit, MIDetroit, MIDetroit, MIDetroit, MIDetroit, MIDetroit, MIDetroit, MIDetroit, MIDetroit, MIDetroit, MIDetroit, MIDetroit, MIDetroit, MI",918003.0
MN,81795,"Minneapolis, MNMinneapolis, MNMinneapolis, MNMinneapolis, MNMinneapolis, MNMinneapolis, MNMinneapolis, MNMinneapolis, MNMinneapolis, MNMinneapolis, MNMinneapolis, MNMinneapolis, MNMinneapolis, MNMinneapolis, MNMinneapolis, MNMinneapolis, MNMinneapolis, MNMinneapolis, MNMinneapolis, MNMinneapolis, MNMinneapolis, MNMinneapolis, MNMinneapolis, MNMinneapolis, MNMinneapolis, MNMinneapolis, MNMinneapolis, MNMinneapolis, MNMinneapolis, MNMinneapolis, MNMinneapolis, MNMinneapolis, MNMinneapolis, MNMinneapolis, MNMinneapolis, MNMinneapolis, MNMinneapolis, MNMinneapolis, MNMinneapolis, MNMinneapolis, MNMinneapolis, MN",197247.0
MO,163590,"Kansas City, MOSt. Louis, MOKansas City, MOSt. Louis, MOKansas City, MOSt. Louis, MOKansas City, MOSt. Louis, MOKansas City, MOSt. Louis, MOKansas City, MOSt. Louis, MOKansas City, MOSt. Louis, MOKansas City, MOSt. Louis, MOKansas City, MOSt. Louis, MOKansas City, MOSt. Louis, MOKansas City, MOSt. Louis, MOKansas City, MOSt. Louis, MOKansas City, MOSt. Louis, MOKansas City, MOSt. Louis, MOKansas City, MOSt. Louis, MOKansas City, MOSt. Louis, MOKansas City, MOSt. Louis, MOKansas City, MOSt. Louis, MOKansas City, MOSt. Louis, MOKansas City, MOSt. Louis, MOKansas City, MOSt. Louis, MOKansas City, MOSt. Louis, MOKansas City, MOSt. Louis, MOKansas City, MOSt. Louis, MOKansas City, MOSt. Louis, MOKansas City, MOSt. Louis, MOKansas City, MOSt. Louis, MOKansas City, MOSt. Louis, MOKansas City, MOSt. Louis, MOKansas City, MOSt. Louis, MOKansas City, MOSt. Louis, MOKansas City, MOSt. Louis, MOKansas City, MOSt. Louis, MOKansas City, MOSt. Louis, MOKansas City, MOSt. Louis, MOKansas City, MOSt. Louis, MOKansas City, MOSt. Louis, MOKansas City, MOSt. Louis, MOKansas City, MOSt. Louis, MOKansas City, MOSt. Louis, MOKansas City, MOSt. Louis, MO",691160.0
NC,163590,"Charlotte, NCRaleigh, NCCharlotte, NCRaleigh, NCCharlotte, NCRaleigh, NCCharlotte, NCRaleigh, NCCharlotte, NCRaleigh, NCCharlotte, NCRaleigh, NCCharlotte, NCRaleigh, NCCharlotte, NCRaleigh, NCCharlotte, NCRaleigh, NCCharlotte, NCRaleigh, NCCharlotte, NCRaleigh, NCCharlotte, NCRaleigh, NCCharlotte, NCRaleigh, NCCharlotte, NCRaleigh, NCCharlotte, NCRaleigh, NCCharlotte, NCRaleigh, NCCharlotte, NCRaleigh, NCCharlotte, NCRaleigh, NCCharlotte, NCRaleigh, NCCharlotte, NCRaleigh, NCCharlotte, NCRaleigh, NCCharlotte, NCRaleigh, NCCharlotte, NCRaleigh, NCCharlotte, NCRaleigh, NCCharlotte, NCRaleigh, NCCharlotte, NCRaleigh, NCCharlotte, NCRaleigh, NCCharlotte, NCRaleigh, NCCharlotte, NCRaleigh, NCCharlotte, NCRaleigh, NCCharlotte, NCRaleigh, NCCharlotte, NCRaleigh, NCCharlotte, NCRaleigh, NCCharlotte, NCRaleigh, NCCharlotte, NCRaleigh, NCCharlotte, NCRaleigh, NCCharlotte, NCRaleigh, NCCharlotte, NCRaleigh, NCCharlotte, NCRaleigh, NCCharlotte, NCRaleigh, NCCharlotte, NCRaleigh, NC",318330.0
NE,81795,"Omaha, NEOmaha, NEOmaha, NEOmaha, NEOmaha, NEOmaha, NEOmaha, NEOmaha, NEOmaha, NEOmaha, NEOmaha, NEOmaha, NEOmaha, NEOmaha, NEOmaha, NEOmaha, NEOmaha, NEOmaha, NEOmaha, NEOmaha, NEOmaha, NEOmaha, NEOmaha, NEOmaha, NEOmaha, NEOmaha, NEOmaha, NEOmaha, NEOmaha, NEOmaha, NEOmaha, NEOmaha, NEOmaha, NEOmaha, NEOmaha, NEOmaha, NEOmaha, NEOmaha, NEOmaha, NEOmaha, NEOmaha, NE",114173.0
NJ,81795,"Newark, NJNewark, NJNewark, NJNewark, NJNewark, NJNewark, NJNewark, NJNewark, NJNewark, NJNewark, NJNewark, NJNewark, NJNewark, NJNewark, NJNewark, NJNewark, NJNewark, NJNewark, NJNewark, NJNewark, NJNewark, NJNewark, NJNewark, NJNewark, NJNewark, NJNewark, NJNewark, NJNewark, NJNewark, NJNewark, NJNewark, NJNewark, NJNewark, NJNewark, NJNewark, NJNewark, NJNewark, NJNewark, NJNewark, NJNewark, NJNewark, NJ",273754.0
NM,81795,"Albuquerque, NMAlbuquerque, NMAlbuquerque, NMAlbuquerque, NMAlbuquerque, NMAlbuquerque, NMAlbuquerque, NMAlbuquerque, NMAlbuquerque, NMAlbuquerque, NMAlbuquerque, NMAlbuquerque, NMAlbuquerque, NMAlbuquerque, NMAlbuquerque, NMAlbuquerque, NMAlbuquerque, NMAlbuquerque, NMAlbuquerque, NMAlbuquerque, NMAlbuquerque, NMAlbuquerque, NMAlbuquerque, NMAlbuquerque, NMAlbuquerque, NMAlbuquerque, NMAlbuquerque, NMAlbuquerque, NMAlbuquerque, NMAlbuquerque, NMAlbuquerque, NMAlbuquerque, NMAlbuquerque, NMAlbuquerque, NMAlbuquerque, NMAlbuquerque, NMAlbuquerque, NMAlbuquerque, NMAlbuquerque, NMAlbuquerque, NMAlbuquerque, NM",181182.0
NV,81795,"Las Vegas, NVLas Vegas, NVLas Vegas, NVLas Vegas, NVLas Vegas, NVLas Vegas, NVLas Vegas, NVLas Vegas, NVLas Vegas, NVLas Vegas, NVLas Vegas, NVLas Vegas, NVLas Vegas, NVLas Vegas, NVLas Vegas, NVLas Vegas, NVLas Vegas, NVLas Vegas, NVLas Vegas, NVLas Vegas, NVLas Vegas, NVLas Vegas, NVLas Vegas, NVLas Vegas, NVLas Vegas, NVLas Vegas, NVLas Vegas, NVLas Vegas, NVLas Vegas, NVLas Vegas, NVLas Vegas, NVLas Vegas, NVLas Vegas, NVLas Vegas, NVLas Vegas, NVLas Vegas, NVLas Vegas, NVLas Vegas, NVLas Vegas, NVLas Vegas, NVLas Vegas, NV",304919.0
NY,327180,"Buffalo, NYNassau County, NYNew York City, NYSuffolk County, NYBuffalo, NYNassau County, NYNew York City, NYSuffolk County, NYBuffalo, NYNassau County, NYNew York City, NYSuffolk County, NYBuffalo, NYNassau County, NYNew York City, NYSuffolk County, NYBuffalo, NYNassau County, NYNew York City, NYSuffolk County, NYBuffalo, NYNassau County, NYNew York City, NYSuffolk County, NYBuffalo, NYNassau County, NYNew York City, NYSuffolk County, NYBuffalo, NYNassau County, NYNew York City, NYSuffolk County, NYBuffalo, NYNassau County, NYNew York City, NYSuffolk County, NYBuffalo, NYNassau County, NYNew York City, NYSuffolk County, NYBuffalo, NYNassau County, NYNew York City, NYSuffolk County, NYBuffalo, NYNassau County, NYNew York City, NYSuffolk County, NYBuffalo, NYNassau County, NYNew York City, NYSuffolk County, NYBuffalo, NYNassau County, NYNew York City, NYSuffolk County, NYBuffalo, NYNassau County, NYNew York City, NYSuffolk County, NYBuffalo, NYNassau County, NYNew York City, NYSuffolk County, NYBuffalo, NYNassau County, NYNew York City, NYSuffolk County, NYBuffalo, NYNassau County, NYNew York City, NYSuffolk County, NYBuffalo, NYNassau County, NYNew York City, NYSuffolk County, NYBuffalo, NYNassau County, NYNew York City, NYSuffolk County, NYBuffalo, NYNassau County, NYNew York City, NYSuffolk County, NYBuffalo, NYNassau County, NYNew York City, NYSuffolk County, NYBuffalo, NYNassau County, NYNew York City, NYSuffolk County, NYBuffalo, NYNassau County, NYNew York City, NYSuffolk County, NYBuffalo, NYNassau County, NYNew York City, NYSuffolk County, NYBuffalo, NYNassau County, NYNew York City, NYSuffolk County, NYBuffalo, NYNassau County, NYNew York City, NYSuffolk County, NYBuffalo, NYNassau County, NYNew York City, NYSuffolk County, NYBuffalo, NYNassau County, NYNew York City, NYSuffolk County, NYBuffalo, NYNassau County, NYNew York City, NYSuffolk County, NYBuffalo, NYNassau County, NYNew York City, NYSuffolk County, NYBuffalo, NYNassau County, NYNew York City, NYSuffolk County, NYBuffalo, NYNassau County, NYNew York City, NYSuffolk County, NYBuffalo, NYNassau County, NYNew York City, NYSuffolk County, NYBuffalo, NYNassau County, NYNew York City, NYSuffolk County, NYBuffalo, NYNassau County, NYNew York City, NYSuffolk County, NYBuffalo, NYNassau County, NYNew York City, NYSuffolk County, NYBuffalo, NYNassau County, NYNew York City, NYSuffolk County, NYBuffalo, NYNassau County, NYNew York City, NYSuffolk County, NYBuffalo, NYNassau County, NYNew York City, NYSuffolk County, NYBuffalo, NYNassau County, NYNew York City, NYSuffolk County, NY",4590104.0
OH,245385,"Cincinnati, OHCleveland, OHColumbus, OHCincinnati, OHCleveland, OHColumbus, OHCincinnati, OHCleveland, OHColumbus, OHCincinnati, OHCleveland, OHColumbus, OHCincinnati, OHCleveland, OHColumbus, OHCincinnati, OHCleveland, OHColumbus, OHCincinnati, OHCleveland, OHColumbus, OHCincinnati, OHCleveland, OHColumbus, OHCincinnati, OHCleveland, OHColumbus, OHCincinnati, OHCleveland, OHColumbus, OHCincinnati, OHCleveland, OHColumbus, OHCincinnati, OHCleveland, OHColumbus, OHCincinnati, OHCleveland, OHColumbus, OHCincinnati, OHCleveland, OHColumbus, OHCincinnati, OHCleveland, OHColumbus, OHCincinnati, OHCleveland, OHColumbus, OHCincinnati, OHCleveland, OHColumbus, OHCincinnati, OHCleveland, OHColumbus, OHCincinnati, OHCleveland, OHColumbus, OHCincinnati, OHCleveland, OHColumbus, OHCincinnati, OHCleveland, OHColumbus, OHCincinnati, OHCleveland, OHColumbus, OHCincinnati, OHCleveland, OHColumbus, OHCincinnati, OHCleveland, OHColumbus, OHCincinnati, OHCleveland, OHColumbus, OHCincinnati, OHCleveland, OHColumbus, OHCincinnati, OHCleveland, OHColumbus, OHCincinnati, OHCleveland, OHColumbus, OHCincinnati, OHCleveland, OHColumbus, OHCincinnati, OHCleveland, OHColumbus, OHCincinnati, OHCleveland, OHColumbus, OHCincinnati, OHCleveland, OHColumbus, OHCincinnati, OHCleveland, OHColumbus, OHCincinnati, OHCleveland, OHColumbus, OHCincinnati, OHCleveland, OHColumbus, OHCincinnati, OHCleveland, OHColumbus, OHCincinnati, OHCleveland, OHColumbus, OHCincinnati, OHCleveland, OHColumbus, OHCincinnati, OHCleveland, OHColumbus, OHCincinnati, OHCleveland, OHColumbus, OHCincinnati, OHCleveland, OHColumbus, OH",670595.0
OK,163590,"Oklahoma City, OKTulsa, OKOklahoma City, OKTulsa, OKOklahoma City, OKTulsa, OKOklahoma City, OKTulsa, OKOklahoma City, OKTulsa, OKOklahoma City, OKTulsa, OKOklahoma City, OKTulsa, OKOklahoma City, OKTulsa, OKOklahoma City, OKTulsa, OKOklahoma City, OKTulsa, OKOklahoma City, OKTulsa, OKOklahoma City, OKTulsa, OKOklahoma City, OKTulsa, OKOklahoma City, OKTulsa, OKOklahoma City, OKTulsa, OKOklahoma City, OKTulsa, OKOklahoma City, OKTulsa, OKOklahoma City, OKTulsa, OKOklahoma City, OKTulsa, OKOklahoma City, OKTulsa, OKOklahoma City, OKTulsa, OKOklahoma City, OKTulsa, OKOklahoma City, OKTulsa, OKOklahoma City, OKTulsa, OKOklahoma City, OKTulsa, OKOklahoma City, OKTulsa, OKOklahoma City, OKTulsa, OKOklahoma City, OKTulsa, OKOklahoma City, OKTulsa, OKOklahoma City, OKTulsa, OKOklahoma City, OKTulsa, OKOklahoma City, OKTulsa, OKOklahoma City, OKTulsa, OKOklahoma City, OKTulsa, OKOklahoma City, OKTulsa, OKOklahoma City, OKTulsa, OKOklahoma City, OKTulsa, OKOklahoma City, OKTulsa, OKOklahoma City, OKTulsa, OKOklahoma City, OKTulsa, OKOklahoma City, OKTulsa, OK",342438.0
OR,81795,"Portland, ORPortland, ORPortland, ORPortland, ORPortland, ORPortland, ORPortland, ORPortland, ORPortland, ORPortland, ORPortland, ORPortland, ORPortland, ORPortland, ORPortland, ORPortland, ORPortland, ORPortland, ORPortland, ORPortland, ORPortland, ORPortland, ORPortland, ORPortland, ORPortland, ORPortland, ORPortland, ORPortland, ORPortland, ORPortland, ORPortland, ORPortland, ORPortland, ORPortland, ORPortland, ORPortland, ORPortland, ORPortland, ORPortland, ORPortland, ORPortland, OR",231165.0
PA,163590,"Philadelphia, PAPittsburgh, PAPhiladelphia, PAPittsburgh, PAPhiladelphia, PAPittsburgh, PAPhiladelphia, PAPittsburgh, PAPhiladelphia, PAPittsburgh, PAPhiladelphia, PAPittsburgh, PAPhiladelphia, PAPittsburgh, PAPhiladelphia, PAPittsburgh, PAPhiladelphia, PAPittsburgh, PAPhiladelphia, PAPittsburgh, PAPhiladelphia, PAPittsburgh, PAPhiladelphia, PAPittsburgh, PAPhiladelphia, PAPittsburgh, PAPhiladelphia, PAPittsburgh, PAPhiladelphia, PAPittsburgh, PAPhiladelphia, PAPittsburgh, PAPhiladelphia, PAPittsburgh, PAPhiladelphia, PAPittsburgh, PAPhiladelphia, PAPittsburgh, PAPhiladelphia, PAPittsburgh, PAPhiladelphia, PAPittsburgh, PAPhiladelphia, PAPittsburgh, PAPhiladelphia, PAPittsburgh, PAPhiladelphia, PAPittsburgh, PAPhiladelphia, PAPittsburgh, PAPhiladelphia, PAPittsburgh, PAPhiladelphia, PAPittsburgh, PAPhiladelphia, PAPittsburgh, PAPhiladelphia, PAPittsburgh, PAPhiladelphia, PAPittsburgh, PAPhiladelphia, PAPittsburgh, PAPhiladelphia, PAPittsburgh, PAPhiladelphia, PAPittsburgh, PAPhiladelphia, PAPittsburgh, PAPhiladelphia, PAPittsburgh, PAPhiladelphia, PAPittsburgh, PAPhiladelphia, PAPittsburgh, PAPhiladelphia, PAPittsburgh, PAPhiladelphia, PAPittsburgh, PAPhiladelphia, PAPittsburgh, PAPhiladelphia, PAPittsburgh, PA",921855.0
TN,163590,"Memphis, TNNashville, TNMemphis, TNNashville, TNMemphis, TNNashville, TNMemphis, TNNashville, TNMemphis, TNNashville, TNMemphis, TNNashville, TNMemphis, TNNashville, TNMemphis, TNNashville, TNMemphis, TNNashville, TNMemphis, TNNashville, TNMemphis, TNNashville, TNMemphis, TNNashville, TNMemphis, TNNashville, TNMemphis, TNNashville, TNMemphis, TNNashville, TNMemphis, TNNashville, TNMemphis, TNNashville, TNMemphis, TNNashville, TNMemphis, TNNashville, TNMemphis, TNNashville, TNMemphis, TNNashville, TNMemphis, TNNashville, TNMemphis, TNNashville, TNMemphis, TNNashville, TNMemphis, TNNashville, TNMemphis, TNNashville, TNMemphis, TNNashville, TNMemphis, TNNashville, TNMemphis, TNNashville, TNMemphis, TNNashville, TNMemphis, TNNashville, TNMemphis, TNNashville, TNMemphis, TNNashville, TNMemphis, TNNashville, TNMemphis, TNNashville, TNMemphis, TNNashville, TNMemphis, TNNashville, TNMemphis, TNNashville, TNMemphis, TNNashville, TNMemphis, TNNashville, TNMemphis, TNNashville, TN",663283.0
TX,572565,"Arlington, TXAustin, TXDallas, TXEl Paso, TXFort Worth, TXHouston, TXSan Antonio, TXArlington, TXAustin, TXDallas, TXEl Paso, TXFort Worth, TXHouston, TXSan Antonio, TXArlington, TXAustin, TXDallas, TXEl Paso, TXFort Worth, TXHouston, TXSan Antonio, TXArlington, TXAustin, TXDallas, TXEl Paso, TXFort Worth, TXHouston, TXSan Antonio, TXArlington, TXAustin, TXDallas, TXEl Paso, TXFort Worth, TXHouston, TXSan Antonio, TXArlington, TXAustin, TXDallas, TXEl Paso, TXFort Worth, TXHouston, TXSan Antonio, TXArlington, TXAustin, TXDallas, TXEl Paso, TXFort Worth, TXHouston, TXSan Antonio, TXArlington, TXAustin, TXDallas, TXEl Paso, TXFort Worth, TXHouston, TXSan Antonio, TXArlington, TXAustin, TXDallas, TXEl Paso, TXFort Worth, TXHouston, TXSan Antonio, TXArlington, TXAustin, TXDallas, TXEl Paso, TXFort Worth, TXHouston, TXSan Antonio, TXArlington, TXAustin, TXDallas, TXEl Paso, TXFort Worth, TXHouston, TXSan Antonio, TXArlington, TXAustin, TXDallas, TXEl Paso, TXFort Worth, TXHouston, TXSan Antonio, TXArlington, TXAustin, TXDallas, TXEl Paso, TXFort Worth, TXHouston, TXSan Antonio, TXArlington, TXAustin, TXDallas, TXEl Paso, TXFort Worth, TXHouston, TXSan Antonio, TXArlington, TXAustin, TXDallas, TXEl Paso, TXFort Worth, TXHouston, TXSan Antonio, TXArlington, TXAustin, TXDallas, TXEl Paso, TXFort Worth, TXHouston, TXSan Antonio, TXArlington, TXAustin, TXDallas, TXEl Paso, TXFort Worth, TXHouston, TXSan Antonio, TXArlington, TXAustin, TXDallas, TXEl Paso, TXFort Worth, TXHouston, TXSan Antonio, TXArlington, TXAustin, TXDallas, TXEl Paso, TXFort Worth, TXHouston, TXSan Antonio, TXArlington, TXAustin, TXDallas, TXEl Paso, TXFort Worth, TXHouston, TXSan Antonio, TXArlington, TXAustin, TXDallas, TXEl Paso, TXFort Worth, TXHouston, TXSan Antonio, TXArlington, TXAustin, TXDallas, TXEl Paso, TXFort Worth, TXHouston, TXSan Antonio, TXArlington, TXAustin, TXDallas, TXEl Paso, TXFort Worth, TXHouston, TXSan Antonio, TXArlington, TXAustin, TXDallas, TXEl Paso, TXFort Worth, TXHouston, TXSan Antonio, TXArlington, TXAustin, TXDallas, TXEl Paso, TXFort Worth, TXHouston, TXSan Antonio, TXArlington, TXAustin, TXDallas, TXEl Paso, TXFort Worth, TXHouston, TXSan Antonio, TXArlington, TXAustin, TXDallas, TXEl Paso, TXFort Worth, TXHouston, TXSan Antonio, TXArlington, TXAustin, TXDallas, TXEl Paso, TXFort Worth, TXHouston, TXSan Antonio, TXArlington, TXAustin, TXDallas, TXEl Paso, TXFort Worth, TXHouston, TXSan Antonio, TXArlington, TXAustin, TXDallas, TXEl Paso, TXFort Worth, TXHouston, TXSan Antonio, TXArlington, TXAustin, TXDallas, TXEl Paso, TXFort Worth, TXHouston, TXSan Antonio, TXArlington, TXAustin, TXDallas, TXEl Paso, TXFort Worth, TXHouston, TXSan Antonio, TXArlington, TXAustin, TXDallas, TXEl Paso, TXFort Worth, TXHouston, TXSan Antonio, TXArlington, TXAustin, TXDallas, TXEl Paso, TXFort Worth, TXHouston, TXSan Antonio, TXArlington, TXAustin, TXDallas, TXEl Paso, TXFort Worth, TXHouston, TXSan Antonio, TXArlington, TXAustin, TXDallas, TXEl Paso, TXFort Worth, TXHouston, TXSan Antonio, TXArlington, TXAustin, TXDallas, TXEl Paso, TXFort Worth, TXHouston, TXSan Antonio, TXArlington, TXAustin, TXDallas, TXEl Paso, TXFort Worth, TXHouston, TXSan Antonio, TXArlington, TXAustin, TXDallas, TXEl Paso, TXFort Worth, TXHouston, TXSan Antonio, TXArlington, TXAustin, TXDallas, TXEl Paso, TXFort Worth, TXHouston, TXSan Antonio, TXArlington, TXAustin, TXDallas, TXEl Paso, TXFort Worth, TXHouston, TXSan Antonio, TX",2209217.0
UT,81795,"Salt Lake City, UTSalt Lake City, UTSalt Lake City, UTSalt Lake City, UTSalt Lake City, UTSalt Lake City, UTSalt Lake City, UTSalt Lake City, UTSalt Lake City, UTSalt Lake City, UTSalt Lake City, UTSalt Lake City, UTSalt Lake City, UTSalt Lake City, UTSalt Lake City, UTSalt Lake City, UTSalt Lake City, UTSalt Lake City, UTSalt Lake City, UTSalt Lake City, UTSalt Lake City, UTSalt Lake City, UTSalt Lake City, UTSalt Lake City, UTSalt Lake City, UTSalt Lake City, UTSalt Lake City, UTSalt Lake City, UTSalt Lake City, UTSalt Lake City, UTSalt Lake City, UTSalt Lake City, UTSalt Lake City, UTSalt Lake City, UTSalt Lake City, UTSalt Lake City, UTSalt Lake City, UTSalt Lake City, UTSalt Lake City, UTSalt Lake City, UTSalt Lake City, UT",52389.0
VA,163590,"Fairfax County, VAVirginia Beach, VAFairfax County, VAVirginia Beach, VAFairfax County, VAVirginia Beach, VAFairfax County, VAVirginia Beach, VAFairfax County, VAVirginia Beach, VAFairfax County, VAVirginia Beach, VAFairfax County, VAVirginia Beach, VAFairfax County, VAVirginia Beach, VAFairfax County, VAVirginia Beach, VAFairfax County, VAVirginia Beach, VAFairfax County, VAVirginia Beach, VAFairfax County, VAVirginia Beach, VAFairfax County, VAVirginia Beach, VAFairfax County, VAVirginia Beach, VAFairfax County, VAVirginia Beach, VAFairfax County, VAVirginia Beach, VAFairfax County, VAVirginia Beach, VAFairfax County, VAVirginia Beach, VAFairfax County, VAVirginia Beach, VAFairfax County, VAVirginia Beach, VAFairfax County, VAVirginia Beach, VAFairfax County, VAVirginia Beach, VAFairfax County, VAVirginia Beach, VAFairfax County, VAVirginia Beach, VAFairfax County, VAVirginia Beach, VAFairfax County, VAVirginia Beach, VAFairfax County, VAVirginia Beach, VAFairfax County, VAVirginia Beach, VAFairfax County, VAVirginia Beach, VAFairfax County, VAVirginia Beach, VAFairfax County, VAVirginia Beach, VAFairfax County, VAVirginia Beach, VAFairfax County, VAVirginia Beach, VAFairfax County, VAVirginia Beach, VAFairfax County, VAVirginia Beach, VAFairfax County, VAVirginia Beach, VAFairfax County, VAVirginia Beach, VAFairfax County, VAVirginia Beach, VAFairfax County, VAVirginia Beach, VAFairfax County, VAVirginia Beach, VAFairfax County, VAVirginia Beach, VA",68141.0
WA,81795,"Seattle, WASeattle, WASeattle, WASeattle, WASeattle, WASeattle, WASeattle, WASeattle, WASeattle, WASeattle, WASeattle, WASeattle, WASeattle, WASeattle, WASeattle, WASeattle, WASeattle, WASeattle, WASeattle, WASeattle, WASeattle, WASeattle, WASeattle, WASeattle, WASeattle, WASeattle, WASeattle, WASeattle, WASeattle, WASeattle, WASeattle, WASeattle, WASeattle, WASeattle, WASeattle, WASeattle, WASeattle, WASeattle, WASeattle, WASeattle, WASeattle, WA",204049.0
WI,81795,"Milwaukee, WIMilwaukee, WIMilwaukee, WIMilwaukee, WIMilwaukee, WIMilwaukee, WIMilwaukee, WIMilwaukee, WIMilwaukee, WIMilwaukee, WIMilwaukee, WIMilwaukee, WIMilwaukee, WIMilwaukee, WIMilwaukee, WIMilwaukee, WIMilwaukee, WIMilwaukee, WIMilwaukee, WIMilwaukee, WIMilwaukee, WIMilwaukee, WIMilwaukee, WIMilwaukee, WIMilwaukee, WIMilwaukee, WIMilwaukee, WIMilwaukee, WIMilwaukee, WIMilwaukee, WIMilwaukee, WIMilwaukee, WIMilwaukee, WIMilwaukee, WIMilwaukee, WIMilwaukee, WIMilwaukee, WIMilwaukee, WIMilwaukee, WIMilwaukee, WIMilwaukee, WI",230050.0
